id,coin,t0,t1,px,is_buy,filled
F0,VVV,1785162673300,1785162796000,12.979,1,1
F1,STABLE,1785191540100,1785191687000,0.036417,1,1
F2,BOME,1785222948100,1785222993000,0.000563,0,1
F3,VVV,1785253560900,1785253562000,13.194,0,1
F4,kBONK,1785255346000,1785255395000,0.003029,0,1
F5,CASHCAT,1785278775000,1785278837000,0.041119,0,1
F6,CASHCAT,1785281472700,1785281555000,0.048305,0,1
F7,UMA,1785298538900,1785298676000,0.34774,1,1
F8,APEX,1785298563300,1785298565000,0.25124,1,1
F9,PUMP,1785298558100,1785298594000,0.001893,1,1
F10,W,1785298540600,1785298593000,0.00854,1,1
F11,BERA,1785341748600,1785341780000,0.15098,1,1
F12,POPCAT,1785358843300,1785358904000,0.040137,1,1
F13,ZK,1785355263300,1785355344000,0.007906,1,1
F14,KAITO,1785411063000,1785411196000,1.0448,1,1
F15,BOME,1785411049700,1785411094000,0.000598,0,1
F16,HEMI,1785425459000,1785425729000,0.004533,0,1
F17,PURR,1785440743200,1785440783000,0.064239,0,1
F18,HEMI,1785479462700,1785479490000,0.004624,0,1
F19,SYRUP,1785494768700,1785494901000,0.16428,0,1
F20,VINE,1785506470400,1785506746000,0.008972,0,1
F21,CHIP,1785513676100,1785513699000,0.025118,0,1
F22,LDO,1785513640300,1785513678000,0.34371,1,1
F23,MET,1785517267400,1785517313000,0.17717,0,1
F24,NIL,1785495655600,1785495747000,0.030486,1,1
F25,ORDI,1785546038700,1785546088000,3.7776,0,1
F26,MEGA,1785570375700,1785570403000,0.039384,0,1
F27,GOAT,1785595556500,1785595596000,0.013848,0,1
F28,kSHIB,1785599136000,1785599230000,0.005077,0,1
F29,STBL,1785586556600,1785586584000,0.023901,0,1
F30,SKR,1785600070700,1785600134000,0.006788,1,1
F31,KAITO,1785604561400,1785604613000,1.1766,0,1
F32,PEOPLE,1785649538200,1785649585000,0.006949,0,1
F33,HEMI,1785684661000,1785684688000,0.004886,0,1
F34,BABY,1785677449600,1785677662000,0.011261,1,1
F35,BOME,1785657648600,1785657692000,0.000624,0,1
F36,STBL,1785687353900,1785687382000,0.02547,0,1
F37,STRK,1785709852300,1785709879000,0.0252,0,1
F38,BABY,1785743164200,1785743262000,0.010748,1,1
F39,CASHCAT,1785753074700,1785753097000,0.050949,0,1
F40,MEGA,1785771955700,1785772003000,0.037518,0,1
F41,CASHCAT,1785780074400,1785780096000,0.052451,0,1
F42,CASHCAT,1785781870700,1785781892000,0.0654,0,1
F43,HYPER,1785803452100,1785803604000,0.060686,1,1
F44,CASHCAT,1785824164400,1785824429000,0.073584,0,1
F45,CFX,1785804334000,1785804388000,0.038984,1,1
F46,CC,1785826872200,1785826917000,0.10911,1,1
F47,SKR,1785843067400,1785843171000,0.00666,0,1
F48,HYPER,1785890757700,1785890791000,0.058024,1,1
F49,ZORA,1785894359600,1785894390000,0.005897,0,1
F50,STRK,1785876349800,1785876393000,0.02582,0,1
F51,BIO,1785893448400,1785893484000,0.02388,0,1
F52,HYPER,1785896169900,1785896342000,0.056992,1,1
F53,CASHCAT,1785928578500,1785928620000,0.097695,0,1
F54,PURR,1785918649400,1785918811000,0.070023,0,1
F55,PURR,1785944744600,1785944788000,0.069888,0,1
F56,HMSTR,1785984354700,1785984517000,0.000209,0,1
F57,GRIFFAIN,1785979846500,1785979883000,0.009076,0,1
F58,RESOLV,1786015863700,1786015935000,0.020079,0,1
F59,NIL,1786018558300,1786018613000,0.035936,0,1
F60,NIL,1786023959400,1786024115000,0.037522,0,1
F61,HEMI,1786032957100,1786033004000,0.005242,0,1
F62,BABY,1786068055300,1786068106000,0.011599,0,1
F63,PEOPLE,1786044634900,1786044681000,0.007273,0,1
F64,CHIP,1786059966900,1786059989000,0.026042,0,1
F65,HEMI,1786103156200,1786103184000,0.005641,0,1
F66,SPX,1786105865300,1786105922000,0.34017,0,1
F67,NIL,1786117551200,1786117584000,0.039036,0,1
F68,FOGO,1786122071200,1786122319000,0.008946,0,1
F69,NIL,1786128359700,1786128393000,0.041418,0,1
F70,BIO,1786131062200,1786131098000,0.025132,0,1
F71,GRIFFAIN,1786144549800,1786144585000,0.009963,0,1
F72,HMSTR,1786134654900,1786134697000,0.0002,0,1
F73,XAI,1786158945800,1786159219000,0.0067,1,1
F74,SKR,1786190466800,1786190530000,0.007746,0,1
F75,CASHCAT,1786210269800,1786210292000,0.11616,0,1
F76,PEOPLE,1786212033300,1786212080000,0.007463,0,1
F77,MERL,1786246247800,1786246370000,0.019853,0,1
F78,SAGA,1786226443100,1786226452000,0.01686,0,1
F79,BIO,1786257946400,1786257980000,0.02625,0,1
F80,PYTH,1786260647000,1786260757000,0.042617,0,1
F81,CELO,1786245344500,1786245586000,0.063503,0,1
F82,AVNT,1786266963000,1786266990000,0.093401,0,1
F83,GRIFFAIN,1786249850700,1786249888000,0.011063,0,1
F84,PEOPLE,1786256146900,1786256193000,0.007835,0,1
F85,XMR,1786287670500,1786287694000,413.32,0,1
F86,IO,1786289452300,1786289556000,0.12947,0,1
F87,BOME,1786267854000,1786267898000,0.000661,0,1
F88,CRV,1786289435400,1786289453000,0.244,0,1
F89,VVV,1786272349500,1786272383000,11.502,0,1
F90,AVNT,1786293058200,1786293292000,0.095054,0,1
F91,PUMP,1786279563800,1786279595000,0.002604,0,1
F92,GOAT,1786292153800,1786292198000,0.015032,0,1
F93,PEOPLE,1786290335200,1786290403000,0.008612,0,1
F94,MOODENG,1786292156700,1786292199000,0.040016,0,1
F95,PENGU,1786292162900,1786292200000,0.006629,0,1
F96,BOME,1786304753300,1786304799000,0.000795,0,1
F97,WLD,1786330832900,1786330909000,0.32906,0,1
F98,NIL,1786329048600,1786329080000,0.044499,0,1
F99,FOGO,1786332675200,1786332699000,0.009122,0,1
F100,STRK,1786318237900,1786318300000,0.0235,1,1
F101,MERL,1786341638700,1786341684000,0.020601,0,1
F102,GRIFFAIN,1786350651600,1786350767000,0.01229,0,1
F103,EIGEN,1786352455800,1786352520000,0.1889,0,1
F104,JTO,1786335330900,1786335380000,0.53709,0,1
F105,GRASS,1786363260200,1786363299000,0.30673,0,1
F106,WLD,1786339838500,1786339894000,0.33032,0,1
F107,BIO,1786349746300,1786349781000,0.02685,0,1
F108,ICP,1786382160300,1786382185000,2.2949,0,1
F109,MON,1786357865300,1786357972000,0.022335,0,1
F110,SPX,1786399261200,1786399296000,0.30898,1,1
F111,CC,1786378567800,1786378613000,0.096676,1,1
F112,CRV,1786384827800,1786384885000,0.25107,0,1
F113,LIT,1786413663300,1786413687000,2.421,0,1
F114,CC,1786427173600,1786427218000,0.093849,1,1
F115,MOVE,1786425349200,1786425551000,0.006552,1,1
F116,ACE,1786428036700,1786428084000,0.1094,1,1
F117,IO,1786463142000,1786463185000,0.11403,1,1
F118,MEGA,1786438861800,1786438887000,0.035878,1,1
F119,MET,1786471271300,1786471297000,0.15071,1,1
F120,MOVE,1786463147000,1786463185000,0.006304,1,1
F121,kBONK,1786460453600,1786460542000,0.002295,1,1
F122,MET,1786484760000,1786484826000,0.15967,0,1
M123,NIL,1785086174100,1785086493000,0.036412,0,0
M124,NIL,1785086961600,1785087271000,0.036357,0,0
M125,WLD,1785095130000,1785095450000,0.35316,0,0
M126,STX,1785096039800,1785096356000,0.14392,0,0
M127,GRASS,1785156372100,1785156676000,0.35864,0,0
M128,JUP,1785163537800,1785163841000,0.1851,1,0
M129,PENGU,1785163569800,1785163883000,0.006152,1,0
M130,BIO,1785163576400,1785163885000,0.025406,1,0
M131,GRIFFAIN,1785172546000,1785172864000,0.009014,0,0
M132,VINE,1785259862900,1785260181000,0.008968,0,0
M133,FET,1785312941900,1785313253000,0.13336,1,0
M134,IMX,1785356142500,1785356454000,0.10708,1,0
M135,AERO,1785398473600,1785398783000,0.44135,0,0
M136,ACE,1785428143800,1785428456000,0.0652,1,0
M137,EIGEN,1785439850900,1785440156000,0.1875,0,0
M138,ACE,1785440732800,1785441048000,0.063,1,0
M139,PEOPLE,1785514541700,1785514855000,0.007123,0,0
M140,POPCAT,1785514548300,1785514856000,0.044414,0,0
M141,ORDI,1785545144700,1785545460000,3.72,0,0
M142,CFX,1785681028600,1785681350000,0.041715,1,0
M143,CASHCAT,1785709877400,1785710184000,0.045625,0,0
M144,PURR,1785772852300,1785773156000,0.064022,0,0
M145,PURR,1785777356900,1785777660000,0.064869,0,0
M146,PURR,1785829547700,1785829869000,0.06547,0,0
M147,PURR,1785834049600,1785834356000,0.068292,0,0
M148,PURR,1785908757300,1785909063000,0.068881,0,0
M149,BABY,1785926752900,1785927069000,0.01094,0,0
M150,GRASS,1785933061900,1785933368000,0.31414,0,0
M151,HEMI,1785962767500,1785963079000,0.005018,0,0
M152,SAGA,1786038352500,1786038661000,0.01395,0,0
M153,AVNT,1786049151000,1786049465000,0.085971,0,0
M154,USUAL,1786082452200,1786082754000,0.00895,0,0
M155,USUAL,1786087856800,1786088163000,0.00902,0,0
M156,STBL,1786087868500,1786088185000,0.025552,0,0
M157,BABY,1786185057800,1786185375000,0.012051,0,0
M158,MET,1786202171200,1786202482000,0.17149,0,0
M159,USUAL,1786226450800,1786226772000,0.00936,0,0
M160,GRIFFAIN,1786248945500,1786249262000,0.011091,0,0
M161,VINE,1786287659900,1786287979000,0.007676,0,0
M162,BOME,1786293041100,1786293354000,0.000766,0,0
M163,WLD,1786327232100,1786327552000,0.32592,0,0
M164,LIT,1786383971800,1786384280000,2.4049,0,0
M165,ADA,1786399689900,1786400006000,0.19195,1,0
M166,APEX,1786440672000,1786440983000,0.21269,0,0
M167,CASHCAT,1786446964900,1786447271000,0.16568,0,0
M168,LDO,1786451441600,1786451743000,0.2892,1,0
M169,ARB,1786460438300,1786460741000,0.07789,1,0
