horizon,feature,tier,ic,t_clustered,t_nw,n_timestamps,eff_n,day_consistency,r2_pct
1,ofi,ALL,0.030098044023872218,14.153969031794427,14.10287525113203,28282,28282.0,0.8636363636363636,0.09058922540629501
1,ofi,HIGH,0.02724258228196871,12.374014330372352,12.32206229540811,27978,27978.0,0.8636363636363636,0.07421582893898354
1,ofi,MID,0.012157528245123665,0.317605172107621,0.30879442106073923,131,131.0,0.42105263157894735,0.01478054930309797
1,ofi5,ALL,0.01885593038236111,8.93185432737954,8.905203104128308,28281,28281.0,0.8636363636363636,0.03555461105844489
1,ofi5,HIGH,0.01752987896421867,7.98328130818226,7.955311609645274,27976,27976.0,0.9090909090909091,0.03072966565001562
1,ofi5,MID,-0.03773452511622607,-0.9140959468533327,-0.9334038902992718,131,131.0,0.631578947368421,0.1423894385747096
1,ofi_big,ALL,0.012804431383868227,1.481323851259067,1.4952978329146898,3250,3250.0,0.5454545454545454,0.01639534630641896
1,ofi_big,HIGH,0.012070043629544776,1.3822742074031982,1.3992588870546316,3183,3183.0,0.5,0.014568595321911446
1,eff_sz,ALL,-0.0051164093643176565,-2.3372131154806675,-2.2920764783749044,28282,28282.0,0.5,0.0026177644783277406
1,eff_sz,HIGH,-0.0031411248038158176,-1.3782729081961074,-1.3565608909254983,27978,27978.0,0.5,0.0009866665033146959
1,eff_sz,MID,-0.01466819004649317,-0.39629643134434756,-0.399684443868729,131,131.0,0.5263157894736842,0.02151557992400413
1,herf,ALL,0.005600744724312025,2.570979105585229,2.5450817656592806,28282,28282.0,0.6363636363636364,0.0031368341466908975
1,herf,HIGH,0.004186581038725932,1.8587840610913116,1.8436404743263468,27978,27978.0,0.6363636363636364,0.0017527460793819506
1,herf,MID,-0.056151872631891184,-1.4371807763559308,-1.3324929102114573,131,131.0,0.5789473684210527,0.315303280006813
1,ret1,ALL,0.030485013438022984,12.899934862941217,12.784587519947694,28282,28282.0,0.9545454545454546,0.0929336044316442
1,ret1,HIGH,0.024778898198072264,10.101395783161752,10.027005420497881,27978,27978.0,0.9545454545454546,0.061399379591042885
1,ret1,MID,0.0156157683176402,0.4041697240059422,0.4010418608784207,130,130.0,0.5263157894736842,0.02438522201502154
1,clv,ALL,0.03488284006659235,15.600259847379963,15.555415400032262,27966,27966.0,0.9545454545454546,0.12168125311114604
1,clv,HIGH,0.03160197670152873,13.686685440227821,13.688807220476871,27628,27628.0,0.9545454545454546,0.09986849314439646
1,clv,MID,0.09249287036658135,1.567777987011345,1.4929938095830952,53,53.0,0.8,0.8554931068649223
1,intensity,ALL,-0.0022751338774023456,-1.0380049068044186,-1.0350626119110828,28263,28263.0,0.5,0.0005176234160103831
1,intensity,HIGH,-0.0036733465162414815,-1.6050911058545612,-1.6035506826200752,27959,27959.0,0.5909090909090909,0.0013493474628383428
1,intensity,MID,0.017697734244676123,0.455321118091099,0.4391481167303715,131,131.0,0.5263157894736842,0.031320979739518195
1,rv60,ALL,0.003859086394397497,1.5956627777383126,1.574996480776093,28263,28263.0,0.5454545454545454,0.0014892547799423876
1,rv60,HIGH,0.004942889874762726,1.9602082351520456,1.9347681521468478,27959,27959.0,0.5909090909090909,0.002443216031403187
1,rv60,MID,-0.038431026419045715,-0.9872725638083865,-0.916980071492063,131,131.0,0.631578947368421,0.14769437916213896
5,ofi,ALL,0.01971828428472952,9.3395164486539,8.664661967522326,28278,5655.6,0.9090909090909091,0.03888107351334112
5,ofi,HIGH,0.01575015907323796,7.203203728591919,6.657825410253429,27974,5594.8,0.9090909090909091,0.024806751083230005
5,ofi,MID,0.02319699083028147,0.5847289707938083,0.5560116383438992,131,26.2,0.47368421052631576,0.05381003835801625
5,ofi5,ALL,0.00924157091028077,4.380628888624439,3.279963479882667,28277,5655.4,0.6818181818181818,0.008540663288974775
5,ofi5,HIGH,0.008863277493506369,4.026500953150795,2.9985272629878343,27972,5594.4,0.6818181818181818,0.007855768792689653
5,ofi5,MID,-0.031087861198161412,-0.8008172484514087,-0.8495500517547715,131,26.2,0.47368421052631576,0.09664551138761499
5,ofi_big,ALL,-0.0027304849608886204,-0.3189622473254097,-0.3136428879135116,3250,650.0,0.5454545454545454,0.000745554812163893
5,ofi_big,HIGH,-0.0037932353472030756,-0.4362082228165528,-0.4283741330949562,3183,636.6,0.5,0.0014388634399270838
5,eff_sz,ALL,0.002641060108939908,1.2337526888079868,1.0017067447043682,28278,5655.6,0.5454545454545454,0.0006975198499033679
5,eff_sz,HIGH,0.004351542804916185,1.9556835090818878,1.5536722200077973,27974,5594.8,0.5909090909090909,0.0018935924783017818
5,eff_sz,MID,-0.04116932230791853,-1.161754220671758,-1.1258768184077625,131,26.2,0.6842105263157895,0.16949130992932784
5,herf,ALL,-0.0030246244981653836,-1.392215039526876,-1.0961741082219978,28278,5655.6,0.45454545454545453,0.0009148353354902199
5,herf,HIGH,-0.0038905144756245383,-1.7255031937418899,-1.3492823083840961,27974,5594.8,0.6363636363636364,0.0015136102885044077
5,herf,MID,-0.055776481498588805,-1.4337998859308128,-1.6553971754061005,131,26.2,0.47368421052631576,0.3111015888362419
5,ret1,ALL,0.010518556642495796,4.438377494592661,4.327807373956722,28278,5655.6,0.7727272727272727,0.011064003384139244
5,ret1,HIGH,0.006289201710362257,2.559224669931139,2.5102798871266208,27974,5594.8,0.6818181818181818,0.003955405815362354
5,ret1,MID,0.0033823063627100997,0.08163659922008974,0.08018355653140802,130,26.0,0.42105263157894735,0.0011439996331229225
5,clv,ALL,0.01600990832849725,7.193380716617387,7.008732435818696,27962,5592.4,0.8636363636363636,0.02563171646868856
5,clv,HIGH,0.014734635946388349,6.394953888186123,6.264046562223003,27624,5524.8,0.8636363636363636,0.021710949647259968
5,clv,MID,0.05978486556551282,1.1266992745095554,0.8573889622788757,53,10.6,0.7333333333333333,0.35742301506864405
5,intensity,ALL,-0.002000548096680853,-0.9150037321007657,-0.7975539665727791,28259,5651.8,0.5,0.00040021926871333836
5,intensity,HIGH,-0.0037521147409066784,-1.6462456378375758,-1.432772646821854,27955,5591.0,0.7272727272727273,0.0014078365028929191
5,intensity,MID,0.009436803844559374,0.2603050635747035,0.31155770915731246,131,26.2,0.42105263157894735,0.00890532668006906
5,rv60,ALL,-0.00474546358365221,-1.9423979740970176,-1.3076318247706198,28259,5651.8,0.5909090909090909,0.0022519424623769274
5,rv60,HIGH,-0.0038834824263442327,-1.526012365374347,-1.010320641608837,27955,5591.0,0.5454545454545454,0.0015081435755724488
5,rv60,MID,0.009219111139566197,0.2205066738373449,0.19608697183040258,131,26.2,0.47368421052631576,0.008499201020367355
15,ofi,ALL,0.015124969116223526,7.191462922626553,5.821789788881114,28268,1884.5333333333333,0.8571428571428571,0.022876469076671544
15,ofi,HIGH,0.01266723172496166,5.785235925763507,4.607725013779754,27964,1864.2666666666667,0.8095238095238095,0.016045875957387514
15,ofi,MID,0.02554776644318487,0.6725423804968264,0.5578041137787764,131,8.733333333333333,0.42105263157894735,0.0652688370235523
15,ofi5,ALL,0.013301563096990461,6.275958953985658,3.66575035536796,28267,1884.4666666666667,0.7142857142857143,0.017693158082321848
15,ofi5,HIGH,0.013085775845523001,5.932113834638122,3.3920075021824925,27962,1864.1333333333334,0.7142857142857143,0.017123752947927322
15,ofi5,MID,0.018974117323036718,0.46932481856444885,0.578033052161928,131,8.733333333333333,0.5789473684210527,0.036001712818836205
15,ofi_big,ALL,0.013996992730770975,1.6123013249279092,1.4450952797253385,3246,216.4,0.6666666666666666,0.01959158055052555
15,ofi_big,HIGH,0.01424776023214196,1.6205376883134766,1.4507541016644436,3179,211.93333333333334,0.6666666666666666,0.020299867163260592
15,eff_sz,ALL,0.010074130109796766,4.732551251591062,2.7915043988209844,28268,1884.5333333333333,0.7619047619047619,0.01014880974691138
15,eff_sz,HIGH,0.007971305504859812,3.5785361051489883,2.027783721907012,27964,1864.2666666666667,0.6666666666666666,0.006354171145180833
15,eff_sz,MID,-0.05477794068708927,-1.3522995996478409,-1.3870507896073647,131,8.733333333333333,0.6842105263157895,0.30006227859182705
15,herf,ALL,-0.0035848362497781353,-1.6576950128542955,-0.9552173082026927,28268,1884.5333333333333,0.5238095238095238,0.0012851050937723366
15,herf,HIGH,-0.0042284446908102385,-1.8832795406124345,-1.0713499193739249,27964,1864.2666666666667,0.5714285714285714,0.0017879744503241292
15,herf,MID,-0.014257427720948538,-0.3448392462834261,-0.4772110724304074,131,8.733333333333333,0.5789473684210527,0.02032742452180718
15,ret1,ALL,0.003919268203853272,1.6700159420921807,1.5370012626083311,28268,1884.5333333333333,0.6190476190476191,0.0015360663253735254
15,ret1,HIGH,0.00039475395023130165,0.16203081650593623,0.1513015283278499,27964,1864.2666666666667,0.5714285714285714,1.5583068122321697e-05
15,ret1,MID,0.03809636830939527,0.9834058640499311,1.0711019714565513,130,8.666666666666666,0.47368421052631576,0.14513332783650965
15,clv,ALL,0.013362353841081033,6.045271923335292,5.786377363870493,27952,1863.4666666666667,0.9047619047619048,0.017855250017425304
15,clv,HIGH,0.011956799503567744,5.214540447156028,4.971555799088114,27614,1840.9333333333334,0.8095238095238095,0.014296505436851785
15,clv,MID,0.0213116058962793,0.37125417253366255,0.41967587956490804,53,3.533333333333333,0.5333333333333333,0.04541845458783267
15,intensity,ALL,-0.0015026646177266423,-0.6882212736977554,-0.4968040130538833,28249,1883.2666666666667,0.5714285714285714,0.00022580009533675562
15,intensity,HIGH,-0.002547536429132853,-1.1248565512325264,-0.8105297508370167,27945,1863.0,0.5714285714285714,0.0006489941857758968
15,intensity,MID,-0.009072825669375145,-0.21932752052736568,-0.28998039685824417,131,8.733333333333333,0.5263157894736842,0.008231616562687255
15,rv60,ALL,-0.014080179363732513,-5.762946354433343,-2.527714040180244,28249,1883.2666666666667,0.6666666666666666,0.01982514509148789
15,rv60,HIGH,-0.009213763771751931,-3.6036335268238875,-1.545290654432477,27945,1863.0,0.6666666666666666,0.008489344284164837
15,rv60,MID,0.0018849300156771704,0.045651600005952565,0.041646249379837255,131,8.733333333333333,0.47368421052631576,0.0003552961164000738
60,ofi,ALL,0.009177974817947658,4.3144550428075865,2.6868095699596166,28225,470.4166666666667,0.6666666666666666,0.008423522175888135
60,ofi,HIGH,0.006605231001589029,2.9758728664510374,1.7766082107705041,27921,465.35,0.5714285714285714,0.00436290765843528
60,ofi,MID,-0.010686655343720325,-0.2897185084689004,-0.279887807512298,131,2.183333333333333,0.631578947368421,0.011420460243546617
60,ofi5,ALL,0.008546068158101936,3.9920936800190954,1.564683333724175,28224,470.4,0.5714285714285714,0.007303528096292382
60,ofi5,HIGH,0.00750658669771101,3.3588776011460224,1.2758039528075822,27919,465.31666666666666,0.5714285714285714,0.005634884385025188
60,ofi5,MID,-0.00807907390046552,-0.2085601329504052,-0.4501720760242953,131,2.183333333333333,0.42105263157894735,0.006527143508918316
60,ofi_big,ALL,0.006439151919038546,0.7506550754284891,0.749803393052766,3246,54.1,0.47619047619047616,0.00414626774364578
60,ofi_big,HIGH,0.004722101588986056,0.5431316677083252,0.5400725998263631,3179,52.983333333333334,0.42857142857142855,0.0022298243416704637
60,eff_sz,ALL,0.020585419854469413,9.69680886044881,3.345027933837364,28225,470.4166666666667,0.8571428571428571,0.04237595105847835
60,eff_sz,HIGH,0.01881288476664631,8.451453161017909,2.7803882968361577,27921,465.35,0.8571428571428571,0.035392463324311285
60,eff_sz,MID,-0.03818726115518446,-0.9624154481450192,-0.6891492666612771,131,2.183333333333333,0.5263157894736842,0.145826691453426
60,herf,ALL,0.0015687282874231468,0.7200832489374581,0.24113908545341078,28225,470.4166666666667,0.6190476190476191,0.0002460908439761559
60,herf,HIGH,0.0010259582314298067,0.4541367509094471,0.1516761589936125,27921,465.35,0.5714285714285714,0.00010525902926385768
60,herf,MID,0.030309335731721093,0.7697093003173998,1.7933766143489231,131,2.183333333333333,0.6842105263157895,0.0918655832498185
60,ret1,ALL,-0.0034919199044318116,-1.4929987553181276,-1.4044658918479143,28225,470.4166666666667,0.6190476190476191,0.0012193504618967072
60,ret1,HIGH,-0.0039762235288486655,-1.6348299662431254,-1.5397286305771112,27921,465.35,0.6190476190476191,0.0015810353551369732
60,ret1,MID,-0.04085538411627694,-0.9453600582717148,-0.7606674797230701,130,2.1666666666666665,0.631578947368421,0.16691624112885342
60,clv,ALL,0.005702356793669222,2.577474905929023,2.385887015797892,27909,465.15,0.7619047619047619,0.0032516873002305527
60,clv,HIGH,0.005528852609627739,2.407938735397432,2.2005568195446306,27571,459.51666666666665,0.6666666666666666,0.003056821117898746
60,clv,MID,0.003582554318780878,0.05263988427929607,0.08875199723086945,53,0.8833333333333333,0.5333333333333333,0.001283469544701552
60,intensity,ALL,-0.0011400477969252005,-0.5221041197862024,-0.2973467700245085,28206,470.1,0.47619047619047616,0.00012997089792740033
60,intensity,HIGH,0.0008254032789883846,0.36511776518412203,0.2059007158909686,27902,465.03333333333336,0.47619047619047616,6.812905729647771e-05
60,intensity,MID,-0.046694996848700446,-1.1944888511220881,-4.272071395670534,131,2.183333333333333,0.6842105263157895,0.21804227307001445
60,rv60,ALL,-0.026654088167677097,-10.82196674242826,-2.6064597624016907,28206,470.1,0.7142857142857143,0.07104404160503043
60,rv60,HIGH,-0.019833328484548236,-7.706743124642209,-1.8076153937019017,27902,465.03333333333336,0.6666666666666666,0.03933609187759924
60,rv60,MID,0.02123049064586715,0.5276390708715626,0.5771289800638612,131,2.183333333333333,0.3684210526315789,0.04507337330642525
240,ofi,ALL,-0.001336217548301348,-0.633748562997665,-0.2941551446079851,28045,116.85416666666667,0.5238095238095238,0.00017854773363884651
240,ofi,HIGH,-0.004493391521140176,-2.0405559606221777,-0.9039349123628176,27741,115.5875,0.47619047619047616,0.002019056736225443
240,ofi,MID,-0.01189315719187586,-0.3041906126765656,-0.6706401687165758,130,0.5416666666666666,0.5789473684210527,0.01414471879906685
240,ofi5,ALL,-0.005337749347648201,-2.5270411822563177,-0.7142503475952133,28044,116.85,0.42857142857142855,0.0028491568098318798
240,ofi5,HIGH,-0.00974179292527756,-4.405930985711605,-1.2195031669396095,27739,115.57916666666667,0.47619047619047616,0.009490252939898792
240,ofi5,MID,0.01960750024452563,0.504253868137158,1.1793434215614214,130,0.5416666666666666,0.47368421052631576,0.03844540658390726
240,ofi_big,ALL,-0.002816358132013949,-0.3251218599880407,-0.37351005472556487,3240,13.5,0.5238095238095238,0.00079318731277611
240,ofi_big,HIGH,-0.0027454485739836637,-0.31356937256993395,-0.3582296225612784,3173,13.220833333333333,0.47619047619047616,0.0007537487872388933
240,eff_sz,ALL,0.03313173171150673,15.494143083494677,2.925894815532892,28045,116.85416666666667,0.8095238095238095,0.1097711646203261
240,eff_sz,HIGH,0.02780812388393294,12.488788149308908,2.314838122373744,27741,115.5875,0.7619047619047619,0.07732917539441617
240,eff_sz,MID,-0.018982879799720263,-0.4741299749959652,-0.5913811540895945,130,0.5416666666666666,0.42105263157894735,0.036034972549062766
240,herf,ALL,0.0035535829150524292,1.6470736030921056,0.31576120458149043,28045,116.85416666666667,0.5238095238095238,0.001262795153415252
240,herf,HIGH,0.0031417651436521986,1.3977299962074827,0.2619592670110019,27741,115.5875,0.5714285714285714,0.000987068821786792
240,herf,MID,0.023324137007985128,0.6042928782652158,2.7187277500960843,130,0.5416666666666666,0.47368421052631576,0.054401536716726144
240,ret1,ALL,-0.004048785383221355,-1.7259967455521263,-1.5677449778456936,28045,116.85416666666667,0.7619047619047619,0.0016392663079386894
240,ret1,HIGH,-0.004198468848342017,-1.726758773583324,-1.5729950263966896,27741,115.5875,0.7619047619047619,0.001762714067049834
240,ret1,MID,-0.06765485746989795,-1.6457286809068392,-3.238568114232651,129,0.5375,0.5789473684210527,0.4577179739272207
240,clv,ALL,0.0019211717159818634,0.8615425947737391,0.6894623808763134,27729,115.5375,0.47619047619047616,0.0003690900762288697
240,clv,HIGH,0.002786765500251778,1.2110640884696446,0.9381867813076352,27391,114.12916666666666,0.6666666666666666,0.0007766061953393543
240,clv,MID,-0.029897782863712453,-0.5176810814760935,-2.7166797954359048,52,0.21666666666666667,0.6666666666666666,0.08938774201656981
240,intensity,ALL,-0.0011145859794701807,-0.5122143626308702,-0.31534930644070025,28026,116.775,0.5714285714285714,0.0001242301905631502
240,intensity,HIGH,0.0021387759289740343,0.9412230741354298,0.5626437553500011,27722,115.50833333333334,0.6190476190476191,0.0004574362474358744
240,intensity,MID,-0.04584270506778359,-1.14495174155847,-3.6856523590681944,130,0.5416666666666666,0.631578947368421,0.21015536079317912
240,rv60,ALL,-0.04445760406746195,-18.315785636965483,-2.4335882303859884,28026,116.775,0.7142857142857143,0.19764785594192097
240,rv60,HIGH,-0.03313612618507963,-13.20358213072838,-1.7210069121079292,27722,115.50833333333334,0.5238095238095238,0.10980028585535198
240,rv60,MID,-0.016290917424106478,-0.39815516640004783,-0.8733136755358755,130,0.5416666666666666,0.42105263157894735,0.026539399051905603
